[{"id_stacji":"12295","stacja":"Bia\u0142ystok","data_pomiaru":"2022-11-07","godzina_pomiaru":"12","temperatura":"8.6","predkosc_wiatru":"2","kierunek_wiatru":"170","wilgotnosc_wzgledna":"98.0","suma_opadu":"0","cisnienie":"1015.5"},{"id_stacji":"12600","stacja":"Bielsko Bia\u0142a","data_pomiaru":"2022-11-07","godzina_pomiaru":"12","temperatura":"10.7","predkosc_wiatru":"7","kierunek_wiatru":"240","wilgotnosc_wzgledna":"64.7","suma_opadu":"0","cisnienie":"1018.8"},{"id_stacji":"12235","stacja":"Chojnice","data_pomiaru":"2022-11-07","godzina_pomiaru":"12","temperatura":"8.3","predkosc_wiatru":"5","kierunek_wiatru":"230","wilgotnosc_wzgledna":"87.1","suma_opadu":"0","cisnienie":"1012.7"},{"id_stacji":"12550","stacja":"Cz\u0119stochowa","data_pomiaru":"2022-11-07","godzina_pomiaru":"12","temperatura":"11.7","predkosc_wiatru":"2","kierunek_wiatru":"240","wilgotnosc_wzgledna":"64.5","suma_opadu":"0","cisnienie":"1017.2"},{"id_stacji":"12160","stacja":"Elbl\u0105g","data_pomiaru":"2022-11-07","godzina_pomiaru":"12","temperatura":"7.5","predkosc_wiatru":"7","kierunek_wiatru":"210","wilgotnosc_wzgledna":"90.1","suma_opadu":"0","cisnienie":"1011.9"},{"id_stacji":"12155","stacja":"Gda\u0144sk","data_pomiaru":"2022-11-07","godzina_pomiaru":"12","temperatura":"8.2","predkosc_wiatru":"4","kierunek_wiatru":"200","wilgotnosc_wzgledna":"82.9","suma_opadu":"0","cisnienie":"1011.7"},{"id_stacji":"12300","stacja":"Gorz\u00f3w","data_pomiaru":"2022-11-07","godzina_pomiaru":"12","temperatura":"11.6","predkosc_wiatru":"4","kierunek_wiatru":"210","wilgotnosc_wzgledna":"73.6","suma_opadu":"0","cisnienie":"1013.6"},{"id_stacji":"12135","stacja":"Hel","data_pomiaru":"2022-11-07","godzina_pomiaru":"12","temperatura":"9.6","predkosc_wiatru":"3","kierunek_wiatru":"220","wilgotnosc_wzgledna":"79.7","suma_opadu":"0","cisnienie":"1011"},{"id_stacji":"12500","stacja":"Jelenia G\u00f3ra","data_pomiaru":"2022-11-07","godzina_pomiaru":"12","temperatura":"12.4","predkosc_wiatru":"5","kierunek_wiatru":"270","wilgotnosc_wzgledna":"62.4","suma_opadu":"0","cisnienie":"1016.7"},{"id_stacji":"12435","stacja":"Kalisz","data_pomiaru":"2022-11-07","godzina_pomiaru":"12","temperatura":"9.5","predkosc_wiatru":"4","kierunek_wiatru":"230","wilgotnosc_wzgledna":"83.6","suma_opadu":"0","cisnienie":"1016.2"},{"id_stacji":"12650","stacja":"Kasprowy Wierch","data_pomiaru":"2022-11-07","godzina_pomiaru":"12","temperatura":"0.5","predkosc_wiatru":"4","kierunek_wiatru":"280","wilgotnosc_wzgledna":"90.9","suma_opadu":"0.6","cisnienie":null},{"id_stacji":"12560","stacja":"Katowice","data_pomiaru":"2022-11-07","godzina_pomiaru":"12","temperatura":"11.4","predkosc_wiatru":"5","kierunek_wiatru":"220","wilgotnosc_wzgledna":"66.7","suma_opadu":"0","cisnienie":"1018.1"},{"id_stacji":"12185","stacja":"K\u0119trzyn","data_pomiaru":"2022-11-07","godzina_pomiaru":"12","temperatura":"8","predkosc_wiatru":"5","kierunek_wiatru":"200","wilgotnosc_wzgledna":"87.7","suma_opadu":"0","cisnienie":"1013.3"},{"id_stacji":"12570","stacja":"Kielce","data_pomiaru":"2022-11-07","godzina_pomiaru":"11","temperatura":"10.9","predkosc_wiatru":"5","kierunek_wiatru":"240","wilgotnosc_wzgledna":"74.5","suma_opadu":"0.01","cisnienie":"1016.9"},{"id_stacji":"12520","stacja":"K\u0142odzko","data_pomiaru":"2022-11-07","godzina_pomiaru":"12","temperatura":"9","predkosc_wiatru":"4","kierunek_wiatru":"230","wilgotnosc_wzgledna":"79.6","suma_opadu":"0.01","cisnienie":"1018.8"},{"id_stacji":"12345","stacja":"Ko\u0142o","data_pomiaru":"2022-11-07","godzina_pomiaru":"11","temperatura":"9.9","predkosc_wiatru":"5","kierunek_wiatru":"250","wilgotnosc_wzgledna":"75.9","suma_opadu":"0","cisnienie":"1015.1"},{"id_stacji":"12100","stacja":"Ko\u0142obrzeg","data_pomiaru":"2022-11-07","godzina_pomiaru":"12","temperatura":"12.3","predkosc_wiatru":"5","kierunek_wiatru":"210","wilgotnosc_wzgledna":"68.8","suma_opadu":"0","cisnienie":"1010.4"},{"id_stacji":"12105","stacja":"Koszalin","data_pomiaru":"2022-11-07","godzina_pomiaru":"12","temperatura":"11.1","predkosc_wiatru":"4","kierunek_wiatru":"210","wilgotnosc_wzgledna":"72.5","suma_opadu":"0.01","cisnienie":"1011"},{"id_stacji":"12488","stacja":"Kozienice","data_pomiaru":"2022-11-07","godzina_pomiaru":"12","temperatura":"12","predkosc_wiatru":"3","kierunek_wiatru":"230","wilgotnosc_wzgledna":"77.8","suma_opadu":"0","cisnienie":"1015.7"},{"id_stacji":"12566","stacja":"Krak\u00f3w","data_pomiaru":"2022-11-07","godzina_pomiaru":"12","temperatura":"11.9","predkosc_wiatru":"8","kierunek_wiatru":"250","wilgotnosc_wzgledna":"61.4","suma_opadu":"0","cisnienie":"1018.2"},{"id_stacji":"12670","stacja":"Krosno","data_pomiaru":"2022-11-07","godzina_pomiaru":"12","temperatura":"10.9","predkosc_wiatru":"5","kierunek_wiatru":"200","wilgotnosc_wzgledna":"81.0","suma_opadu":"0.3","cisnienie":"1018.2"},{"id_stacji":"12415","stacja":"Legnica","data_pomiaru":"2022-11-07","godzina_pomiaru":"12","temperatura":"13.6","predkosc_wiatru":"5","kierunek_wiatru":"260","wilgotnosc_wzgledna":"60.5","suma_opadu":"0","cisnienie":"1016.1"},{"id_stacji":"12690","stacja":"Lesko","data_pomiaru":"2022-11-07","godzina_pomiaru":"12","temperatura":"10.8","predkosc_wiatru":"4","kierunek_wiatru":"200","wilgotnosc_wzgledna":"80.9","suma_opadu":"0.3","cisnienie":"1018.6"},{"id_stacji":"12418","stacja":"Leszno","data_pomiaru":"2022-11-07","godzina_pomiaru":"11","temperatura":"11.4","predkosc_wiatru":"4","kierunek_wiatru":"240","wilgotnosc_wzgledna":"74.6","suma_opadu":"0","cisnienie":"1015.8"},{"id_stacji":"12125","stacja":"L\u0119bork","data_pomiaru":"2022-11-07","godzina_pomiaru":"12","temperatura":"10.6","predkosc_wiatru":"3","kierunek_wiatru":"220","wilgotnosc_wzgledna":"73.9","suma_opadu":"0","cisnienie":"1010.5"},{"id_stacji":"12495","stacja":"Lublin","data_pomiaru":"2022-11-07","godzina_pomiaru":"12","temperatura":"10.3","predkosc_wiatru":"2","kierunek_wiatru":"210","wilgotnosc_wzgledna":"89.1","suma_opadu":"0.01","cisnienie":"1016.7"},{"id_stacji":"12120","stacja":"\u0141eba","data_pomiaru":"2022-11-07","godzina_pomiaru":"12","temperatura":"10.7","predkosc_wiatru":"7","kierunek_wiatru":"220","wilgotnosc_wzgledna":"75.5","suma_opadu":"0","cisnienie":"1010.1"},{"id_stacji":"12465","stacja":"\u0141\u00f3d\u017a","data_pomiaru":"2022-11-07","godzina_pomiaru":"12","temperatura":"10.2","predkosc_wiatru":"6","kierunek_wiatru":"250","wilgotnosc_wzgledna":"72.8","suma_opadu":"0","cisnienie":"1016.2"},{"id_stacji":"12280","stacja":"Miko\u0142ajki","data_pomiaru":"2022-11-07","godzina_pomiaru":"12","temperatura":"7.7","predkosc_wiatru":"4","kierunek_wiatru":"200","wilgotnosc_wzgledna":"95.9","suma_opadu":"0","cisnienie":"1013.9"},{"id_stacji":"12270","stacja":"M\u0142awa","data_pomiaru":"2022-11-07","godzina_pomiaru":"12","temperatura":"9.4","predkosc_wiatru":"4","kierunek_wiatru":"230","wilgotnosc_wzgledna":"83.6","suma_opadu":"0","cisnienie":"1014.1"},{"id_stacji":"12660","stacja":"Nowy S\u0105cz","data_pomiaru":"2022-11-07","godzina_pomiaru":"11","temperatura":"12.6","predkosc_wiatru":"1","kierunek_wiatru":"240","wilgotnosc_wzgledna":"77.9","suma_opadu":"0.1","cisnienie":"1017.7"},{"id_stacji":"12272","stacja":"Olsztyn","data_pomiaru":"2022-11-07","godzina_pomiaru":"11","temperatura":"8","predkosc_wiatru":"3","kierunek_wiatru":"190","wilgotnosc_wzgledna":"87.7","suma_opadu":"0","cisnienie":"1013.6"},{"id_stacji":"12530","stacja":"Opole","data_pomiaru":"2022-11-07","godzina_pomiaru":"12","temperatura":"13.1","predkosc_wiatru":"4","kierunek_wiatru":"250","wilgotnosc_wzgledna":"61.7","suma_opadu":"0.01","cisnienie":"1017.4"},{"id_stacji":"12285","stacja":"Ostro\u0142\u0119ka","data_pomiaru":"2022-11-07","godzina_pomiaru":"11","temperatura":"9.5","predkosc_wiatru":"3","kierunek_wiatru":"99","wilgotnosc_wzgledna":"93.4","suma_opadu":"0","cisnienie":"1014.6"},{"id_stacji":"12230","stacja":"Pi\u0142a","data_pomiaru":"2022-11-07","godzina_pomiaru":"12","temperatura":"10.1","predkosc_wiatru":"3","kierunek_wiatru":"210","wilgotnosc_wzgledna":"78.6","suma_opadu":"0","cisnienie":"1013.4"},{"id_stacji":"12001","stacja":"Platforma","data_pomiaru":"2022-11-07","godzina_pomiaru":"12","temperatura":"9.7","predkosc_wiatru":"12","kierunek_wiatru":"210","wilgotnosc_wzgledna":"84.8","suma_opadu":"0","cisnienie":"1008.9"},{"id_stacji":"12360","stacja":"P\u0142ock","data_pomiaru":"2022-11-07","godzina_pomiaru":"12","temperatura":"10.5","predkosc_wiatru":"5","kierunek_wiatru":"250","wilgotnosc_wzgledna":"71.9","suma_opadu":"0.1","cisnienie":"1014.8"},{"id_stacji":"12330","stacja":"Pozna\u0144","data_pomiaru":"2022-11-07","godzina_pomiaru":"12","temperatura":"11","predkosc_wiatru":"5","kierunek_wiatru":"230","wilgotnosc_wzgledna":"75.6","suma_opadu":"0","cisnienie":"1014.9"},{"id_stacji":"12695","stacja":"Przemy\u015bl","data_pomiaru":"2022-11-07","godzina_pomiaru":"12","temperatura":"13.8","predkosc_wiatru":"4","kierunek_wiatru":"99","wilgotnosc_wzgledna":"64.4","suma_opadu":"0.1","cisnienie":"1017.8"},{"id_stacji":"12540","stacja":"Racib\u00f3rz","data_pomiaru":"2022-11-07","godzina_pomiaru":"12","temperatura":"12.2","predkosc_wiatru":"7","kierunek_wiatru":"230","wilgotnosc_wzgledna":"67.8","suma_opadu":"0.01","cisnienie":"1018.2"},{"id_stacji":"12210","stacja":"Resko","data_pomiaru":"2022-11-07","godzina_pomiaru":"12","temperatura":"11.7","predkosc_wiatru":"6","kierunek_wiatru":"200","wilgotnosc_wzgledna":"72.6","suma_opadu":"0","cisnienie":"1011.5"},{"id_stacji":"12580","stacja":"Rzesz\u00f3w","data_pomiaru":"2022-11-07","godzina_pomiaru":"12","temperatura":"12.6","predkosc_wiatru":"5","kierunek_wiatru":"200","wilgotnosc_wzgledna":"79.0","suma_opadu":"2.1","cisnienie":"1017.4"},{"id_stacji":"12585","stacja":"Sandomierz","data_pomiaru":"2022-11-07","godzina_pomiaru":"12","temperatura":"11.2","predkosc_wiatru":"3","kierunek_wiatru":"200","wilgotnosc_wzgledna":"85.0","suma_opadu":"0.01","cisnienie":"1017"},{"id_stacji":"12385","stacja":"Siedlce","data_pomiaru":"2022-11-07","godzina_pomiaru":"12","temperatura":"10.2","predkosc_wiatru":"3","kierunek_wiatru":"170","wilgotnosc_wzgledna":"89.1","suma_opadu":"0","cisnienie":"1015.6"},{"id_stacji":"12310","stacja":"S\u0142ubice","data_pomiaru":"2022-11-07","godzina_pomiaru":"12","temperatura":"13.6","predkosc_wiatru":"5","kierunek_wiatru":"220","wilgotnosc_wzgledna":"67.6","suma_opadu":"0","cisnienie":"1013.8"},{"id_stacji":"12469","stacja":"Sulej\u00f3w","data_pomiaru":"2022-11-07","godzina_pomiaru":"12","temperatura":"11","predkosc_wiatru":"5","kierunek_wiatru":"240","wilgotnosc_wzgledna":"72.5","suma_opadu":"0","cisnienie":"1016.6"},{"id_stacji":"12195","stacja":"Suwa\u0142ki","data_pomiaru":"2022-11-07","godzina_pomiaru":"12","temperatura":"7","predkosc_wiatru":"4","kierunek_wiatru":"170","wilgotnosc_wzgledna":"97.3","suma_opadu":"0","cisnienie":"1014.4"},{"id_stacji":"12205","stacja":"Szczecin","data_pomiaru":"2022-11-07","godzina_pomiaru":"12","temperatura":"12.7","predkosc_wiatru":"6","kierunek_wiatru":"210","wilgotnosc_wzgledna":"66.5","suma_opadu":"0","cisnienie":"1011.8"},{"id_stacji":"12215","stacja":"Szczecinek","data_pomiaru":"2022-11-07","godzina_pomiaru":"12","temperatura":"10","predkosc_wiatru":"5","kierunek_wiatru":"220","wilgotnosc_wzgledna":"77.0","suma_opadu":"0","cisnienie":"1012.2"},{"id_stacji":"12510","stacja":"\u015anie\u017cka","data_pomiaru":"2022-11-07","godzina_pomiaru":"12","temperatura":"0.3","predkosc_wiatru":"10","kierunek_wiatru":"240","wilgotnosc_wzgledna":"100.0","suma_opadu":"0","cisnienie":null},{"id_stacji":"12200","stacja":"\u015awinouj\u015bcie","data_pomiaru":"2022-11-07","godzina_pomiaru":"12","temperatura":"12.9","predkosc_wiatru":"5","kierunek_wiatru":"210","wilgotnosc_wzgledna":"67.5","suma_opadu":"0","cisnienie":"1010.3"},{"id_stacji":"12575","stacja":"Tarn\u00f3w","data_pomiaru":"2022-11-07","godzina_pomiaru":"12","temperatura":"13.6","predkosc_wiatru":"1","kierunek_wiatru":"250","wilgotnosc_wzgledna":"69.5","suma_opadu":"0.01","cisnienie":"1017.3"},{"id_stacji":"12399","stacja":"Terespol","data_pomiaru":"2022-11-07","godzina_pomiaru":"12","temperatura":"10.3","predkosc_wiatru":"3","kierunek_wiatru":"180","wilgotnosc_wzgledna":"89.7","suma_opadu":"0.01","cisnienie":"1016.8"},{"id_stacji":"12250","stacja":"Toru\u0144","data_pomiaru":"2022-11-07","godzina_pomiaru":"12","temperatura":"9.5","predkosc_wiatru":"3","kierunek_wiatru":"220","wilgotnosc_wzgledna":"78.6","suma_opadu":"0","cisnienie":"1014.1"},{"id_stacji":"12115","stacja":"Ustka","data_pomiaru":"2022-11-07","godzina_pomiaru":"12","temperatura":"11.3","predkosc_wiatru":"5","kierunek_wiatru":"220","wilgotnosc_wzgledna":"71.5","suma_opadu":"0.01","cisnienie":"1010.1"},{"id_stacji":"12375","stacja":"Warszawa","data_pomiaru":"2022-11-07","godzina_pomiaru":"12","temperatura":"11.1","predkosc_wiatru":"3","kierunek_wiatru":"240","wilgotnosc_wzgledna":"69.5","suma_opadu":"0","cisnienie":"1015.4"},{"id_stacji":"12455","stacja":"Wielu\u0144","data_pomiaru":"2022-11-07","godzina_pomiaru":"12","temperatura":"10.1","predkosc_wiatru":"4","kierunek_wiatru":"230","wilgotnosc_wzgledna":"75.9","suma_opadu":"0","cisnienie":"1017.2"},{"id_stacji":"12497","stacja":"W\u0142odawa","data_pomiaru":"2022-11-07","godzina_pomiaru":"12","temperatura":"10.9","predkosc_wiatru":"3","kierunek_wiatru":"190","wilgotnosc_wzgledna":"89.1","suma_opadu":"0.1","cisnienie":"1016.7"},{"id_stacji":"12424","stacja":"Wroc\u0142aw","data_pomiaru":"2022-11-07","godzina_pomiaru":"12","temperatura":"13.2","predkosc_wiatru":"5","kierunek_wiatru":"230","wilgotnosc_wzgledna":"66.6","suma_opadu":"0","cisnienie":"1016.6"},{"id_stacji":"12625","stacja":"Zakopane","data_pomiaru":"2022-11-07","godzina_pomiaru":"12","temperatura":"10.2","predkosc_wiatru":"3","kierunek_wiatru":"300","wilgotnosc_wzgledna":"62.8","suma_opadu":"0.2","cisnienie":null},{"id_stacji":"12595","stacja":"Zamo\u015b\u0107","data_pomiaru":"2022-11-07","godzina_pomiaru":"12","temperatura":"12","predkosc_wiatru":"4","kierunek_wiatru":"220","wilgotnosc_wzgledna":"80.5","suma_opadu":"0.5","cisnienie":"1017.1"},{"id_stacji":"12400","stacja":"Zielona G\u00f3ra","data_pomiaru":"2022-11-07","godzina_pomiaru":"12","temperatura":"12.1","predkosc_wiatru":"4","kierunek_wiatru":"230","wilgotnosc_wzgledna":"68.7","suma_opadu":"0","cisnienie":"1015.1"}]